symbol,url,sitemap_lastmod,asset_class,context_as_of,daily_context_present,quality_status,source_count,public_note
A7A5,https://atlas.freedomcore.io/stocks/A7A5/,2026-06-16,crypto,2026-06-14T05:00:03.768293+00:00,True,persisted_atlas_wit_v2,5,Crawlable Atlas symbol page backed by daily context metadata.
AAPL,https://atlas.freedomcore.io/stocks/AAPL/,2026-06-16,equity,2026-06-17T05:32:17.187331+00:00,True,persisted_atlas_wit_v2,4,Crawlable Atlas symbol page backed by daily context metadata.
AAVE,https://atlas.freedomcore.io/stocks/AAVE/,2026-06-16,crypto,2026-06-17T05:22:31.260150+00:00,True,persisted_atlas_wit_v2,5,Crawlable Atlas symbol page backed by daily context metadata.
ABNB,https://atlas.freedomcore.io/stocks/ABNB/,2026-06-16,equity,2026-06-17T05:34:05.988740+00:00,True,persisted_atlas_wit_v2,4,Crawlable Atlas symbol page backed by daily context metadata.
ADA,https://atlas.freedomcore.io/stocks/ADA/,2026-06-16,crypto,2026-06-17T05:06:22.886103+00:00,True,persisted_atlas_wit_v2,5,Crawlable Atlas symbol page backed by daily context metadata.
ADBE,https://atlas.freedomcore.io/stocks/ADBE/,2026-06-16,equity,2026-06-16T05:45:12.458200+00:00,True,persisted_atlas_wit_v2,4,Crawlable Atlas symbol page backed by daily context metadata.
ALGO,https://atlas.freedomcore.io/stocks/ALGO/,2026-06-16,crypto,2026-06-17T05:25:50.824657+00:00,True,persisted_atlas_wit_v2,5,Crawlable Atlas symbol page backed by daily context metadata.
AMD,https://atlas.freedomcore.io/stocks/AMD/,2026-06-16,equity,2026-06-17T05:32:35.658289+00:00,True,validated,4,Crawlable Atlas symbol page backed by daily context metadata.
AMZN,https://atlas.freedomcore.io/stocks/AMZN/,2026-06-16,equity,2026-06-17T05:32:29.667231+00:00,True,validated,4,Crawlable Atlas symbol page backed by daily context metadata.
APT,https://atlas.freedomcore.io/stocks/APT/,2026-06-16,crypto,2026-06-17T05:30:13.138253+00:00,True,persisted_atlas_wit_v2,5,Crawlable Atlas symbol page backed by daily context metadata.
ARB,https://atlas.freedomcore.io/stocks/ARB/,2026-06-16,crypto,2026-06-17T05:32:15.085707+00:00,True,persisted_atlas_wit_v2,4,Crawlable Atlas symbol page backed by daily context metadata.
ASTER,https://atlas.freedomcore.io/stocks/ASTER/,2026-06-16,crypto,2026-06-17T05:16:08.766911+00:00,True,persisted_atlas_wit_v2,5,Crawlable Atlas symbol page backed by daily context metadata.
ATOM,https://atlas.freedomcore.io/stocks/ATOM/,2026-06-16,crypto,2026-06-17T05:22:32.622358+00:00,True,persisted_atlas_wit_v2,5,Crawlable Atlas symbol page backed by daily context metadata.
AVAX,https://atlas.freedomcore.io/stocks/AVAX/,2026-06-16,crypto,2026-06-17T05:12:49.314028+00:00,True,persisted_atlas_wit_v2,5,Crawlable Atlas symbol page backed by daily context metadata.
AVGO,https://atlas.freedomcore.io/stocks/AVGO/,2026-06-16,equity,2026-06-16T05:42:00.856823+00:00,True,persisted_atlas_wit_v2,4,Crawlable Atlas symbol page backed by daily context metadata.
BA,https://atlas.freedomcore.io/stocks/BA/,2026-06-16,equity,2026-06-16T05:01:29.436937+00:00,True,persisted_atlas_wit_v2,4,Crawlable Atlas symbol page backed by daily context metadata.
BAC,https://atlas.freedomcore.io/stocks/BAC/,2026-06-16,equity,2026-06-16T05:58:16.586579+00:00,True,persisted_atlas_wit_v2,4,Crawlable Atlas symbol page backed by daily context metadata.
BCAP,https://atlas.freedomcore.io/stocks/BCAP/,2026-06-16,crypto,2026-06-17T05:23:39.602766+00:00,True,persisted_atlas_wit_v2,4,Crawlable Atlas symbol page backed by daily context metadata.
BCH,https://atlas.freedomcore.io/stocks/BCH/,2026-06-16,crypto,2026-06-17T05:09:35.273587+00:00,True,persisted_atlas_wit_v2,5,Crawlable Atlas symbol page backed by daily context metadata.
BDX,https://atlas.freedomcore.io/stocks/BDX/,2026-06-16,crypto,2026-06-17T05:29:08.672399+00:00,True,persisted_atlas_wit_v2,5,Crawlable Atlas symbol page backed by daily context metadata.
BEAT,https://atlas.freedomcore.io/stocks/BEAT/,2026-06-16,crypto,2026-06-17T05:18:11.597924+00:00,True,persisted_atlas_wit_v2,5,Crawlable Atlas symbol page backed by daily context metadata.
BFUSD,https://atlas.freedomcore.io/stocks/BFUSD/,2026-06-16,crypto,2026-06-17T05:20:24.181785+00:00,True,persisted_atlas_wit_v2,4,Crawlable Atlas symbol page backed by daily context metadata.
BGB,https://atlas.freedomcore.io/stocks/BGB/,2026-06-16,crypto,2026-06-17T05:21:26.962548+00:00,True,persisted_atlas_wit_v2,5,Crawlable Atlas symbol page backed by daily context metadata.
BIANRENSHENG,https://atlas.freedomcore.io/stocks/BIANRENSHENG/,2026-06-16,crypto,2026-06-17T05:28:02.756044+00:00,True,persisted_atlas_wit_v2,3,Crawlable Atlas symbol page backed by daily context metadata.
BNB,https://atlas.freedomcore.io/stocks/BNB/,2026-06-16,crypto,2026-06-17T05:01:06.072943+00:00,True,persisted_atlas_wit_v2,5,Crawlable Atlas symbol page backed by daily context metadata.
BRK-B,https://atlas.freedomcore.io/stocks/BRK-B/,2026-06-16,equity,2026-06-16T09:27:45.578071+00:00,True,validated,4,Crawlable Atlas symbol page backed by daily context metadata.
BTC,https://atlas.freedomcore.io/stocks/BTC/,2026-06-16,crypto,2026-06-17T05:01:01.775082+00:00,True,persisted_atlas_wit_v2,5,Crawlable Atlas symbol page backed by daily context metadata.
BUIDL,https://atlas.freedomcore.io/stocks/BUIDL/,2026-06-16,crypto,2026-06-17T05:14:58.040589+00:00,True,persisted_atlas_wit_v2,5,Crawlable Atlas symbol page backed by daily context metadata.
CAT,https://atlas.freedomcore.io/stocks/CAT/,2026-06-16,equity,2026-06-17T05:33:53.259397+00:00,True,validated,4,Crawlable Atlas symbol page backed by daily context metadata.
CC,https://atlas.freedomcore.io/stocks/CC/,2026-06-16,crypto,2026-06-17T05:07:25.698049+00:00,True,persisted_atlas_wit_v2,5,Crawlable Atlas symbol page backed by daily context metadata.
COIN,https://atlas.freedomcore.io/stocks/COIN/,2026-06-16,equity,2026-06-17T05:33:13.052603+00:00,True,persisted_atlas_wit_v2,4,Crawlable Atlas symbol page backed by daily context metadata.
COPPER,https://atlas.freedomcore.io/stocks/COPPER/,2026-06-16,commodity,2026-06-17T05:34:21.850805+00:00,True,persisted_atlas_wit_v2,3,Crawlable Atlas symbol page backed by daily context metadata.
COST,https://atlas.freedomcore.io/stocks/COST/,2026-06-16,equity,2026-06-17T05:33:23.281920+00:00,True,validated,4,Crawlable Atlas symbol page backed by daily context metadata.
CRM,https://atlas.freedomcore.io/stocks/CRM/,2026-06-16,equity,2026-06-17T05:32:46.104999+00:00,True,persisted_atlas_wit_v2,4,Crawlable Atlas symbol page backed by daily context metadata.
CRO,https://atlas.freedomcore.io/stocks/CRO/,2026-06-16,crypto,2026-06-17T05:13:52.093190+00:00,True,persisted_atlas_wit_v2,5,Crawlable Atlas symbol page backed by daily context metadata.
CVX,https://atlas.freedomcore.io/stocks/CVX/,2026-06-16,equity,2026-06-17T05:33:44.728420+00:00,True,persisted_atlas_wit_v2,4,Crawlable Atlas symbol page backed by daily context metadata.
DAI,https://atlas.freedomcore.io/stocks/DAI/,2026-06-16,crypto,2026-06-17T05:09:36.651114+00:00,True,persisted_atlas_wit_v2,5,Crawlable Atlas symbol page backed by daily context metadata.
DE40,https://atlas.freedomcore.io/stocks/DE40/,2026-06-16,index,2026-06-17T05:34:32.737718+00:00,True,persisted_atlas_wit_v2,2,Crawlable Atlas symbol page backed by daily context metadata.
DEXE,https://atlas.freedomcore.io/stocks/DEXE/,2026-06-16,crypto,2026-06-17T05:25:48.036297+00:00,True,persisted_atlas_wit_v2,4,Crawlable Atlas symbol page backed by daily context metadata.
DIS,https://atlas.freedomcore.io/stocks/DIS/,2026-06-16,equity,2026-06-16T05:01:26.306912+00:00,True,validated,4,Crawlable Atlas symbol page backed by daily context metadata.
DOGE,https://atlas.freedomcore.io/stocks/DOGE/,2026-06-16,crypto,2026-06-17T05:04:15.855182+00:00,True,persisted_atlas_wit_v2,5,Crawlable Atlas symbol page backed by daily context metadata.
DOT,https://atlas.freedomcore.io/stocks/DOT/,2026-06-16,crypto,2026-06-17T05:17:10.181664+00:00,True,persisted_atlas_wit_v2,5,Crawlable Atlas symbol page backed by daily context metadata.
DXY,https://atlas.freedomcore.io/stocks/DXY/,2026-06-16,index,2026-06-17T05:34:30.100796+00:00,True,persisted_atlas_wit_v2,2,Crawlable Atlas symbol page backed by daily context metadata.
ENA,https://atlas.freedomcore.io/stocks/ENA/,2026-06-16,crypto,2026-06-17T05:26:55.786725+00:00,True,persisted_atlas_wit_v2,5,Crawlable Atlas symbol page backed by daily context metadata.
ETC,https://atlas.freedomcore.io/stocks/ETC/,2026-06-16,crypto,2026-06-17T05:22:29.853003+00:00,True,persisted_atlas_wit_v2,4,Crawlable Atlas symbol page backed by daily context metadata.
ETH,https://atlas.freedomcore.io/stocks/ETH/,2026-06-16,crypto,2026-06-17T05:01:03.219149+00:00,True,persisted_atlas_wit_v2,5,Crawlable Atlas symbol page backed by daily context metadata.
EURUSD,https://atlas.freedomcore.io/stocks/EURUSD/,2026-06-16,forex,2026-06-17T05:34:15.919459+00:00,True,persisted_atlas_wit_v2,5,Crawlable Atlas symbol page backed by daily context metadata.
EUTBL,https://atlas.freedomcore.io/stocks/EUTBL/,2026-06-16,crypto,2026-06-17T05:23:38.208239+00:00,True,persisted_atlas_wit_v2,5,Crawlable Atlas symbol page backed by daily context metadata.
FIGRHELOC,https://atlas.freedomcore.io/stocks/FIGRHELOC/,2026-06-16,crypto,2026-06-17T05:03:13.081652+00:00,True,persisted_atlas_wit_v2,5,Crawlable Atlas symbol page backed by daily context metadata.
FIL,https://atlas.freedomcore.io/stocks/FIL/,2026-06-16,crypto,2026-06-17T05:28:05.868958+00:00,True,persisted_atlas_wit_v2,5,Crawlable Atlas symbol page backed by daily context metadata.
FLR,https://atlas.freedomcore.io/stocks/FLR/,2026-06-16,crypto,2026-06-17T05:28:01.353368+00:00,True,persisted_atlas_wit_v2,5,Crawlable Atlas symbol page backed by daily context metadata.
GBPUSD,https://atlas.freedomcore.io/stocks/GBPUSD/,2026-06-16,forex,2026-06-17T05:34:17.416626+00:00,True,persisted_atlas_wit_v2,5,Crawlable Atlas symbol page backed by daily context metadata.
GE,https://atlas.freedomcore.io/stocks/GE/,2026-06-16,equity,2026-06-17T05:33:55.320119+00:00,True,validated,4,Crawlable Atlas symbol page backed by daily context metadata.
GHO,https://atlas.freedomcore.io/stocks/GHO/,2026-06-16,crypto,2026-06-17T05:30:11.753584+00:00,True,persisted_atlas_wit_v2,5,Crawlable Atlas symbol page backed by daily context metadata.
GOLD,https://atlas.freedomcore.io/stocks/GOLD/,2026-06-16,commodity,2026-06-17T05:34:20.189642+00:00,True,persisted_atlas_wit_v2,3,Crawlable Atlas symbol page backed by daily context metadata.
GOOGL,https://atlas.freedomcore.io/stocks/GOOGL/,2026-06-16,equity,2026-06-17T05:32:27.467922+00:00,True,persisted_atlas_wit_v2,4,Crawlable Atlas symbol page backed by daily context metadata.
GS,https://atlas.freedomcore.io/stocks/GS/,2026-06-16,equity,2026-06-16T06:05:45.771337+00:00,True,validated,4,Crawlable Atlas symbol page backed by daily context metadata.
GT,https://atlas.freedomcore.io/stocks/GT/,2026-06-16,crypto,2026-06-17T05:27:59.954575+00:00,True,persisted_atlas_wit_v2,4,Crawlable Atlas symbol page backed by daily context metadata.
H,https://atlas.freedomcore.io/stocks/H/,2026-06-16,crypto,2026-06-17T05:24:43.812979+00:00,True,persisted_atlas_wit_v2,5,Crawlable Atlas symbol page backed by daily context metadata.
HASH,https://atlas.freedomcore.io/stocks/HASH/,2026-06-16,crypto,2026-06-12T05:01:04.088671+00:00,True,persisted_atlas_wit_v2,5,Crawlable Atlas symbol page backed by daily context metadata.
HBAR,https://atlas.freedomcore.io/stocks/HBAR/,2026-06-16,crypto,2026-06-17T05:10:39.480733+00:00,True,persisted_atlas_wit_v2,5,Crawlable Atlas symbol page backed by daily context metadata.
HD,https://atlas.freedomcore.io/stocks/HD/,2026-06-16,equity,2026-06-17T05:33:25.362704+00:00,True,persisted_atlas_wit_v2,4,Crawlable Atlas symbol page backed by daily context metadata.
HOOD,https://atlas.freedomcore.io/stocks/HOOD/,2026-06-16,equity,2026-06-16T09:31:54.311941+00:00,True,validated,4,Crawlable Atlas symbol page backed by daily context metadata.
HTX,https://atlas.freedomcore.io/stocks/HTX/,2026-06-16,crypto,2026-06-17T05:18:15.783243+00:00,True,persisted_atlas_wit_v2,5,Crawlable Atlas symbol page backed by daily context metadata.
HYPE,https://atlas.freedomcore.io/stocks/HYPE/,2026-06-16,crypto,2026-06-17T05:04:14.471639+00:00,True,persisted_atlas_wit_v2,5,Crawlable Atlas symbol page backed by daily context metadata.
ICP,https://atlas.freedomcore.io/stocks/ICP/,2026-06-16,crypto,2026-06-17T05:20:19.962772+00:00,True,persisted_atlas_wit_v2,5,Crawlable Atlas symbol page backed by daily context metadata.
INJ,https://atlas.freedomcore.io/stocks/INJ/,2026-06-16,crypto,2026-06-14T05:00:03.576881+00:00,True,persisted_atlas_wit_v2,5,Crawlable Atlas symbol page backed by daily context metadata.
INTC,https://atlas.freedomcore.io/stocks/INTC/,2026-06-16,equity,2026-06-17T05:32:37.938254+00:00,True,validated,4,Crawlable Atlas symbol page backed by daily context metadata.
JAAA,https://atlas.freedomcore.io/stocks/JAAA/,2026-06-16,crypto,2026-06-17T05:27:59.966174+00:00,True,persisted_atlas_wit_v2,4,Crawlable Atlas symbol page backed by daily context metadata.
JNJ,https://atlas.freedomcore.io/stocks/JNJ/,2026-06-16,equity,2026-06-17T05:33:36.392848+00:00,True,validated,4,Crawlable Atlas symbol page backed by daily context metadata.
JP225,https://atlas.freedomcore.io/stocks/JP225/,2026-06-16,index,2026-06-17T05:34:34.061673+00:00,True,validated,2,Crawlable Atlas symbol page backed by daily context metadata.
JPM,https://atlas.freedomcore.io/stocks/JPM/,2026-06-16,equity,2026-06-16T05:55:03.430871+00:00,True,persisted_atlas_wit_v2,4,Crawlable Atlas symbol page backed by daily context metadata.
JST,https://atlas.freedomcore.io/stocks/JST/,2026-06-16,crypto,2026-06-17T05:28:04.487283+00:00,True,persisted_atlas_wit_v2,5,Crawlable Atlas symbol page backed by daily context metadata.
JTRSY,https://atlas.freedomcore.io/stocks/JTRSY/,2026-06-16,crypto,2026-06-17T05:25:46.634961+00:00,True,persisted_atlas_wit_v2,4,Crawlable Atlas symbol page backed by daily context metadata.
JUP,https://atlas.freedomcore.io/stocks/JUP/,2026-06-16,crypto,2026-06-17T05:28:07.261067+00:00,True,persisted_atlas_wit_v2,4,Crawlable Atlas symbol page backed by daily context metadata.
KAS,https://atlas.freedomcore.io/stocks/KAS/,2026-06-16,crypto,2026-06-17T05:25:45.253149+00:00,True,persisted_atlas_wit_v2,5,Crawlable Atlas symbol page backed by daily context metadata.
KCS,https://atlas.freedomcore.io/stocks/KCS/,2026-06-16,crypto,2026-06-17T05:24:43.801007+00:00,True,persisted_atlas_wit_v2,4,Crawlable Atlas symbol page backed by daily context metadata.
LAB,https://atlas.freedomcore.io/stocks/LAB/,2026-06-16,crypto,2026-06-17T05:10:42.254179+00:00,True,persisted_atlas_wit_v2,5,Crawlable Atlas symbol page backed by daily context metadata.
LEO,https://atlas.freedomcore.io/stocks/LEO/,2026-06-16,crypto,2026-06-17T05:05:18.712027+00:00,True,persisted_atlas_wit_v2,5,Crawlable Atlas symbol page backed by daily context metadata.
LINK,https://atlas.freedomcore.io/stocks/LINK/,2026-06-16,crypto,2026-06-17T05:08:30.030312+00:00,True,persisted_atlas_wit_v2,5,Crawlable Atlas symbol page backed by daily context metadata.
LLY,https://atlas.freedomcore.io/stocks/LLY/,2026-06-16,equity,2026-06-16T05:01:21.020148+00:00,True,persisted_atlas_wit_v2,4,Crawlable Atlas symbol page backed by daily context metadata.
LTC,https://atlas.freedomcore.io/stocks/LTC/,2026-06-16,crypto,2026-06-17T05:10:40.870651+00:00,True,persisted_atlas_wit_v2,5,Crawlable Atlas symbol page backed by daily context metadata.
M,https://atlas.freedomcore.io/stocks/M/,2026-06-16,crypto,2026-06-17T05:10:38.076565+00:00,True,persisted_atlas_wit_v2,5,Crawlable Atlas symbol page backed by daily context metadata.
MA,https://atlas.freedomcore.io/stocks/MA/,2026-06-16,equity,2026-06-17T05:33:11.158504+00:00,True,validated,4,Crawlable Atlas symbol page backed by daily context metadata.
MCD,https://atlas.freedomcore.io/stocks/MCD/,2026-06-16,equity,2026-06-17T05:33:29.679852+00:00,True,persisted_atlas_wit_v2,4,Crawlable Atlas symbol page backed by daily context metadata.
META,https://atlas.freedomcore.io/stocks/META/,2026-06-16,equity,2026-06-17T05:32:31.732091+00:00,True,validated,4,Crawlable Atlas symbol page backed by daily context metadata.
MNT,https://atlas.freedomcore.io/stocks/MNT/,2026-06-16,crypto,2026-06-17T05:16:06.007007+00:00,True,persisted_atlas_wit_v2,5,Crawlable Atlas symbol page backed by daily context metadata.
MORPHO,https://atlas.freedomcore.io/stocks/MORPHO/,2026-06-16,crypto,2026-06-17T05:21:25.582611+00:00,True,persisted_atlas_wit_v2,5,Crawlable Atlas symbol page backed by daily context metadata.
MS,https://atlas.freedomcore.io/stocks/MS/,2026-06-16,equity,2026-06-16T09:23:02.303502+00:00,True,validated,4,Crawlable Atlas symbol page backed by daily context metadata.
MSFT,https://atlas.freedomcore.io/stocks/MSFT/,2026-06-16,equity,2026-06-16T05:27:14.158669+00:00,True,persisted_atlas_wit_v2,4,Crawlable Atlas symbol page backed by daily context metadata.
MU,https://atlas.freedomcore.io/stocks/MU/,2026-06-16,equity,2026-06-17T05:32:43.995409+00:00,True,persisted_atlas_wit_v2,4,Crawlable Atlas symbol page backed by daily context metadata.
NEAR,https://atlas.freedomcore.io/stocks/NEAR/,2026-06-16,crypto,2026-06-17T05:11:45.126578+00:00,True,persisted_atlas_wit_v2,5,Crawlable Atlas symbol page backed by daily context metadata.
NEXO,https://atlas.freedomcore.io/stocks/NEXO/,2026-06-16,crypto,2026-06-17T05:26:53.727162+00:00,True,persisted_atlas_wit_v2,5,Crawlable Atlas symbol page backed by daily context metadata.
NFLX,https://atlas.freedomcore.io/stocks/NFLX/,2026-06-16,equity,2026-06-17T05:33:49.038226+00:00,True,validated,4,Crawlable Atlas symbol page backed by daily context metadata.
NGAS,https://atlas.freedomcore.io/stocks/NGAS/,2026-06-16,commodity,2026-06-17T05:34:27.305219+00:00,True,persisted_atlas_wit_v2,3,Crawlable Atlas symbol page backed by daily context metadata.
NIGHT,https://atlas.freedomcore.io/stocks/NIGHT/,2026-06-16,crypto,2026-06-17T05:32:15.064970+00:00,True,persisted_atlas_wit_v2,5,Crawlable Atlas symbol page backed by daily context metadata.
NKE,https://atlas.freedomcore.io/stocks/NKE/,2026-06-16,equity,2026-06-17T05:33:27.609454+00:00,True,validated,4,Crawlable Atlas symbol page backed by daily context metadata.
NOW,https://atlas.freedomcore.io/stocks/NOW/,2026-06-16,equity,2026-06-17T05:32:52.221201+00:00,True,validated,4,Crawlable Atlas symbol page backed by daily context metadata.
NVDA,https://atlas.freedomcore.io/stocks/NVDA/,2026-06-16,equity,2026-06-17T05:32:19.152700+00:00,True,persisted_atlas_wit_v2,4,Crawlable Atlas symbol page backed by daily context metadata.
OKB,https://atlas.freedomcore.io/stocks/OKB/,2026-06-16,crypto,2026-06-17T05:18:14.391281+00:00,True,persisted_atlas_wit_v2,4,Crawlable Atlas symbol page backed by daily context metadata.
ONDO,https://atlas.freedomcore.io/stocks/ONDO/,2026-06-16,crypto,2026-06-17T05:16:07.374264+00:00,True,persisted_atlas_wit_v2,5,Crawlable Atlas symbol page backed by daily context metadata.
ORCL,https://atlas.freedomcore.io/stocks/ORCL/,2026-06-16,equity,2026-06-17T05:32:48.191870+00:00,True,persisted_atlas_wit_v2,4,Crawlable Atlas symbol page backed by daily context metadata.
PALLADIUM,https://atlas.freedomcore.io/stocks/PALLADIUM/,2026-06-16,commodity,2026-06-17T05:34:23.263728+00:00,True,persisted_atlas_wit_v2,3,Crawlable Atlas symbol page backed by daily context metadata.
PAXG,https://atlas.freedomcore.io/stocks/PAXG/,2026-06-16,crypto,2026-06-17T05:16:02.488798+00:00,True,persisted_atlas_wit_v2,5,Crawlable Atlas symbol page backed by daily context metadata.
PEPE,https://atlas.freedomcore.io/stocks/PEPE/,2026-06-16,crypto,2026-06-17T05:22:28.339643+00:00,True,persisted_atlas_wit_v2,4,Crawlable Atlas symbol page backed by daily context metadata.
PFE,https://atlas.freedomcore.io/stocks/PFE/,2026-06-16,equity,2026-06-16T05:01:19.315267+00:00,True,validated,4,Crawlable Atlas symbol page backed by daily context metadata.
PI,https://atlas.freedomcore.io/stocks/PI/,2026-06-16,crypto,2026-06-17T05:19:18.580650+00:00,True,persisted_atlas_wit_v2,5,Crawlable Atlas symbol page backed by daily context metadata.
PLATINUM,https://atlas.freedomcore.io/stocks/PLATINUM/,2026-06-16,commodity,2026-06-17T05:34:24.665241+00:00,True,persisted_atlas_wit_v2,3,Crawlable Atlas symbol page backed by daily context metadata.
PLTR,https://atlas.freedomcore.io/stocks/PLTR/,2026-06-16,equity,2026-06-17T05:32:54.184540+00:00,True,persisted_atlas_wit_v2,4,Crawlable Atlas symbol page backed by daily context metadata.
POL,https://atlas.freedomcore.io/stocks/POL/,2026-06-16,crypto,2026-06-17T05:25:52.313374+00:00,True,persisted_atlas_wit_v2,5,Crawlable Atlas symbol page backed by daily context metadata.
PUMP,https://atlas.freedomcore.io/stocks/PUMP/,2026-06-16,crypto,2026-06-17T05:31:15.996286+00:00,True,persisted_atlas_wit_v2,4,Crawlable Atlas symbol page backed by daily context metadata.
PYPL,https://atlas.freedomcore.io/stocks/PYPL/,2026-06-16,equity,2026-06-16T05:01:01.457974+00:00,True,persisted_atlas_wit_v2,4,Crawlable Atlas symbol page backed by daily context metadata.
PYUSD,https://atlas.freedomcore.io/stocks/PYUSD/,2026-06-16,crypto,2026-06-17T05:12:50.700592+00:00,True,persisted_atlas_wit_v2,5,Crawlable Atlas symbol page backed by daily context metadata.
QNT,https://atlas.freedomcore.io/stocks/QNT/,2026-06-16,crypto,2026-06-17T05:23:34.046517+00:00,True,persisted_atlas_wit_v2,5,Crawlable Atlas symbol page backed by daily context metadata.
QQQ,https://atlas.freedomcore.io/stocks/QQQ/,2026-06-16,etf,2026-06-17T05:34:07.452820+00:00,True,persisted_atlas_wit_v2,3,Crawlable Atlas symbol page backed by daily context metadata.
RAIN,https://atlas.freedomcore.io/stocks/RAIN/,2026-06-16,crypto,2026-06-17T05:06:20.112956+00:00,True,persisted_atlas_wit_v2,5,Crawlable Atlas symbol page backed by daily context metadata.
RDDT,https://atlas.freedomcore.io/stocks/RDDT/,2026-06-16,equity,2026-06-16T05:01:38.010868+00:00,True,validated,4,Crawlable Atlas symbol page backed by daily context metadata.
RENDER,https://atlas.freedomcore.io/stocks/RENDER/,2026-06-16,crypto,2026-06-17T05:24:42.419377+00:00,True,persisted_atlas_wit_v2,5,Crawlable Atlas symbol page backed by daily context metadata.
RLUSD,https://atlas.freedomcore.io/stocks/RLUSD/,2026-06-16,crypto,2026-06-17T05:18:11.585156+00:00,True,persisted_atlas_wit_v2,5,Crawlable Atlas symbol page backed by daily context metadata.
SBUX,https://atlas.freedomcore.io/stocks/SBUX/,2026-06-16,equity,2026-06-17T05:33:31.725629+00:00,True,validated,4,Crawlable Atlas symbol page backed by daily context metadata.
SHIB,https://atlas.freedomcore.io/stocks/SHIB/,2026-06-16,crypto,2026-06-17T05:12:47.947012+00:00,True,persisted_atlas_wit_v2,5,Crawlable Atlas symbol page backed by daily context metadata.
SILVER,https://atlas.freedomcore.io/stocks/SILVER/,2026-06-16,commodity,2026-06-17T05:34:21.615803+00:00,True,persisted_atlas_wit_v2,3,Crawlable Atlas symbol page backed by daily context metadata.
SIREN,https://atlas.freedomcore.io/stocks/SIREN/,2026-06-16,crypto,2026-06-10T05:00:03.964402+00:00,True,persisted_atlas_wit_v2,4,Crawlable Atlas symbol page backed by daily context metadata.
SKY,https://atlas.freedomcore.io/stocks/SKY/,2026-06-16,crypto,2026-06-17T05:20:22.755929+00:00,True,persisted_atlas_wit_v2,5,Crawlable Atlas symbol page backed by daily context metadata.
SOL,https://atlas.freedomcore.io/stocks/SOL/,2026-06-16,crypto,2026-06-17T05:03:10.324431+00:00,True,persisted_atlas_wit_v2,5,Crawlable Atlas symbol page backed by daily context metadata.
SPY,https://atlas.freedomcore.io/stocks/SPY/,2026-06-16,etf,2026-06-17T05:32:20.663849+00:00,True,persisted_atlas_wit_v2,3,Crawlable Atlas symbol page backed by daily context metadata.
STABLE,https://atlas.freedomcore.io/stocks/STABLE/,2026-06-16,crypto,2026-06-17T05:25:49.433147+00:00,True,persisted_atlas_wit_v2,5,Crawlable Atlas symbol page backed by daily context metadata.
SUI,https://atlas.freedomcore.io/stocks/SUI/,2026-06-16,crypto,2026-06-17T05:11:43.728038+00:00,True,persisted_atlas_wit_v2,5,Crawlable Atlas symbol page backed by daily context metadata.
T,https://atlas.freedomcore.io/stocks/T/,2026-06-16,equity,2026-06-16T05:01:34.734867+00:00,True,validated,4,Crawlable Atlas symbol page backed by daily context metadata.
TAO,https://atlas.freedomcore.io/stocks/TAO/,2026-06-16,crypto,2026-06-17T05:13:56.280659+00:00,True,persisted_atlas_wit_v2,5,Crawlable Atlas symbol page backed by daily context metadata.
TON,https://atlas.freedomcore.io/stocks/TON/,2026-06-16,crypto,2026-06-17T05:08:31.428570+00:00,True,persisted_atlas_wit_v2,5,Crawlable Atlas symbol page backed by daily context metadata.
TRX,https://atlas.freedomcore.io/stocks/TRX/,2026-06-16,crypto,2026-06-17T05:03:11.677116+00:00,True,persisted_atlas_wit_v2,5,Crawlable Atlas symbol page backed by daily context metadata.
TSLA,https://atlas.freedomcore.io/stocks/TSLA/,2026-06-16,equity,2026-06-17T05:32:33.702084+00:00,True,persisted_atlas_wit_v2,4,Crawlable Atlas symbol page backed by daily context metadata.
TSM,https://atlas.freedomcore.io/stocks/TSM/,2026-06-16,equity,2026-06-17T05:32:41.888935+00:00,True,persisted_atlas_wit_v2,3,Crawlable Atlas symbol page backed by daily context metadata.
U,https://atlas.freedomcore.io/stocks/U/,2026-06-16,crypto,2026-06-17T05:23:36.789677+00:00,True,persisted_atlas_wit_v2,4,Crawlable Atlas symbol page backed by daily context metadata.
UBER,https://atlas.freedomcore.io/stocks/UBER/,2026-06-16,equity,2026-06-16T05:01:39.662330+00:00,True,persisted_atlas_wit_v2,4,Crawlable Atlas symbol page backed by daily context metadata.
UK100,https://atlas.freedomcore.io/stocks/UK100/,2026-06-16,index,2026-06-17T05:34:31.459602+00:00,True,validated,2,Crawlable Atlas symbol page backed by daily context metadata.
UKOIL,https://atlas.freedomcore.io/stocks/UKOIL/,2026-06-16,commodity,2026-06-17T05:32:23.366112+00:00,True,persisted_atlas_wit_v2,3,Crawlable Atlas symbol page backed by daily context metadata.
UNH,https://atlas.freedomcore.io/stocks/UNH/,2026-06-16,equity,2026-06-17T05:33:34.045942+00:00,True,validated,4,Crawlable Atlas symbol page backed by daily context metadata.
UNI,https://atlas.freedomcore.io/stocks/UNI/,2026-06-16,crypto,2026-06-17T05:18:12.979774+00:00,True,persisted_atlas_wit_v2,5,Crawlable Atlas symbol page backed by daily context metadata.
USD0,https://atlas.freedomcore.io/stocks/USD0/,2026-06-16,crypto,2026-06-17T05:30:14.551265+00:00,True,persisted_atlas_wit_v2,5,Crawlable Atlas symbol page backed by daily context metadata.
USD1,https://atlas.freedomcore.io/stocks/USD1/,2026-06-16,crypto,2026-06-17T05:09:33.898388+00:00,True,persisted_atlas_wit_v2,4,Crawlable Atlas symbol page backed by daily context metadata.
USDC,https://atlas.freedomcore.io/stocks/USDC/,2026-06-16,crypto,2026-06-17T05:02:07.604830+00:00,True,persisted_atlas_wit_v2,5,Crawlable Atlas symbol page backed by daily context metadata.
USDD,https://atlas.freedomcore.io/stocks/USDD/,2026-06-16,crypto,2026-06-17T05:20:21.357973+00:00,True,persisted_atlas_wit_v2,5,Crawlable Atlas symbol page backed by daily context metadata.
USDE,https://atlas.freedomcore.io/stocks/USDE/,2026-06-16,crypto,2026-06-17T05:09:31.844078+00:00,True,persisted_atlas_wit_v2,5,Crawlable Atlas symbol page backed by daily context metadata.
USDF,https://atlas.freedomcore.io/stocks/USDF/,2026-06-16,crypto,2026-06-17T05:19:17.185410+00:00,True,persisted_atlas_wit_v2,5,Crawlable Atlas symbol page backed by daily context metadata.
USDG,https://atlas.freedomcore.io/stocks/USDG/,2026-06-16,crypto,2026-06-17T05:13:53.481326+00:00,True,persisted_atlas_wit_v2,5,Crawlable Atlas symbol page backed by daily context metadata.
USDJPY,https://atlas.freedomcore.io/stocks/USDJPY/,2026-06-16,forex,2026-06-17T05:34:18.764498+00:00,True,persisted_atlas_wit_v2,5,Crawlable Atlas symbol page backed by daily context metadata.
USDS,https://atlas.freedomcore.io/stocks/USDS/,2026-06-16,crypto,2026-06-17T05:05:17.269742+00:00,True,persisted_atlas_wit_v2,5,Crawlable Atlas symbol page backed by daily context metadata.
USDT,https://atlas.freedomcore.io/stocks/USDT/,2026-06-16,crypto,2026-06-17T05:01:04.716819+00:00,True,persisted_atlas_wit_v2,5,Crawlable Atlas symbol page backed by daily context metadata.
USDTB,https://atlas.freedomcore.io/stocks/USDTB/,2026-06-16,crypto,2026-06-17T05:24:45.206120+00:00,True,persisted_atlas_wit_v2,5,Crawlable Atlas symbol page backed by daily context metadata.
USDY,https://atlas.freedomcore.io/stocks/USDY/,2026-06-16,crypto,2026-06-17T05:14:59.697027+00:00,True,persisted_atlas_wit_v2,5,Crawlable Atlas symbol page backed by daily context metadata.
USOIL,https://atlas.freedomcore.io/stocks/USOIL/,2026-06-16,commodity,2026-06-17T05:34:25.947387+00:00,True,persisted_atlas_wit_v2,3,Crawlable Atlas symbol page backed by daily context metadata.
USTB,https://atlas.freedomcore.io/stocks/USTB/,2026-06-16,crypto,2026-06-17T05:24:41.024479+00:00,True,persisted_atlas_wit_v2,5,Crawlable Atlas symbol page backed by daily context metadata.
USX,https://atlas.freedomcore.io/stocks/USX/,2026-06-16,crypto,2026-06-11T05:01:08.070216+00:00,True,persisted_atlas_wit_v2,5,Crawlable Atlas symbol page backed by daily context metadata.
USYC,https://atlas.freedomcore.io/stocks/USYC/,2026-06-16,crypto,2026-06-17T05:12:46.549007+00:00,True,persisted_atlas_wit_v2,5,Crawlable Atlas symbol page backed by daily context metadata.
V,https://atlas.freedomcore.io/stocks/V/,2026-06-16,equity,2026-06-17T05:33:09.186588+00:00,True,validated,4,Crawlable Atlas symbol page backed by daily context metadata.
VELVET,https://atlas.freedomcore.io/stocks/VELVET/,2026-06-16,crypto,2026-06-14T05:00:03.488986+00:00,True,persisted_atlas_wit_v2,5,Crawlable Atlas symbol page backed by daily context metadata.
VIX,https://atlas.freedomcore.io/stocks/VIX/,2026-06-16,index,2026-06-17T05:34:28.697427+00:00,True,validated,2,Crawlable Atlas symbol page backed by daily context metadata.
VVV,https://atlas.freedomcore.io/stocks/VVV/,2026-06-16,crypto,2026-06-17T05:26:57.174377+00:00,True,persisted_atlas_wit_v2,4,Crawlable Atlas symbol page backed by daily context metadata.
VZ,https://atlas.freedomcore.io/stocks/VZ/,2026-06-16,equity,2026-06-17T05:33:59.852494+00:00,True,validated,4,Crawlable Atlas symbol page backed by daily context metadata.
WBT,https://atlas.freedomcore.io/stocks/WBT/,2026-06-16,crypto,2026-06-17T05:07:27.093670+00:00,True,persisted_atlas_wit_v2,5,Crawlable Atlas symbol page backed by daily context metadata.
WFC,https://atlas.freedomcore.io/stocks/WFC/,2026-06-16,equity,2026-06-17T05:33:01.198421+00:00,True,persisted_atlas_wit_v2,4,Crawlable Atlas symbol page backed by daily context metadata.
WLD,https://atlas.freedomcore.io/stocks/WLD/,2026-06-16,crypto,2026-06-17T05:16:01.072961+00:00,True,persisted_atlas_wit_v2,5,Crawlable Atlas symbol page backed by daily context metadata.
WLFI,https://atlas.freedomcore.io/stocks/WLFI/,2026-06-16,crypto,2026-06-17T05:16:04.620932+00:00,True,persisted_atlas_wit_v2,5,Crawlable Atlas symbol page backed by daily context metadata.
WMT,https://atlas.freedomcore.io/stocks/WMT/,2026-06-16,equity,2026-06-17T05:33:21.221148+00:00,True,persisted_atlas_wit_v2,4,Crawlable Atlas symbol page backed by daily context metadata.
XAUT,https://atlas.freedomcore.io/stocks/XAUT/,2026-06-16,crypto,2026-06-17T05:13:54.866887+00:00,True,persisted_atlas_wit_v2,5,Crawlable Atlas symbol page backed by daily context metadata.
XDC,https://atlas.freedomcore.io/stocks/XDC/,2026-06-16,crypto,2026-06-17T05:30:10.079217+00:00,True,persisted_atlas_wit_v2,5,Crawlable Atlas symbol page backed by daily context metadata.
XLM,https://atlas.freedomcore.io/stocks/XLM/,2026-06-16,crypto,2026-06-17T05:07:24.302357+00:00,True,persisted_atlas_wit_v2,5,Crawlable Atlas symbol page backed by daily context metadata.
XMR,https://atlas.freedomcore.io/stocks/XMR/,2026-06-16,crypto,2026-06-17T05:07:28.647656+00:00,True,persisted_atlas_wit_v2,5,Crawlable Atlas symbol page backed by daily context metadata.
XOM,https://atlas.freedomcore.io/stocks/XOM/,2026-06-16,equity,2026-06-17T05:33:42.412290+00:00,True,validated,4,Crawlable Atlas symbol page backed by daily context metadata.
XRP,https://atlas.freedomcore.io/stocks/XRP/,2026-06-16,crypto,2026-06-17T05:03:08.960429+00:00,True,persisted_atlas_wit_v2,5,Crawlable Atlas symbol page backed by daily context metadata.
XYZ,https://atlas.freedomcore.io/stocks/XYZ/,2026-06-16,equity,2026-06-16T09:37:15.803061+00:00,True,persisted_atlas_wit_v2,4,Crawlable Atlas symbol page backed by daily context metadata.
YLDS,https://atlas.freedomcore.io/stocks/YLDS/,2026-06-16,crypto,2026-06-17T05:30:13.152036+00:00,True,persisted_atlas_wit_v2,4,Crawlable Atlas symbol page backed by daily context metadata.
ZEC,https://atlas.freedomcore.io/stocks/ZEC/,2026-06-16,crypto,2026-06-17T05:06:21.510114+00:00,True,persisted_atlas_wit_v2,5,Crawlable Atlas symbol page backed by daily context metadata.
